archivo,target
0.jpg,E
1.jpg,K
10.jpg,E
100.jpg,C
1000.jpg,E
1001.jpg,nothing
1002.jpg,C
1003.jpg,E
1004.jpg,R
1005.jpg,D
1006.jpg,D
1007.jpg,F
1008.jpg,A
1009.jpg,J
101.jpg,E
1010.jpg,I
1011.jpg,C
1012.jpg,E
1013.jpg,A
1014.jpg,C
1015.jpg,L
1016.jpg,P
1017.jpg,F
1018.jpg,G
1019.jpg,K
102.jpg,E
1020.jpg,M
1021.jpg,C
1022.jpg,C
1023.jpg,C
1024.jpg,K
1025.jpg,E
1026.jpg,F
1027.jpg,E
1028.jpg,F
1029.jpg,J
103.jpg,E
1030.jpg,I
1031.jpg,E
1032.jpg,C
1033.jpg,E
1034.jpg,M
1035.jpg,D
1036.jpg,Q
1037.jpg,C
1038.jpg,B
1039.jpg,E
104.jpg,A
1040.jpg,E
1041.jpg,E
1042.jpg,P
1043.jpg,C
1044.jpg,E
1045.jpg,B
1046.jpg,B
1047.jpg,F
1048.jpg,J
1049.jpg,O
105.jpg,E
1050.jpg,E
1051.jpg,E
1052.jpg,L
1053.jpg,D
1054.jpg,F
1055.jpg,C
1056.jpg,E
1057.jpg,E
1058.jpg,L
1059.jpg,D
106.jpg,E
1060.jpg,E
1061.jpg,E
1062.jpg,M
1063.jpg,K
1064.jpg,E
1065.jpg,K
1066.jpg,O
1067.jpg,P
1068.jpg,E
1069.jpg,C
107.jpg,L
1070.jpg,C
1071.jpg,E
1072.jpg,K
1073.jpg,I
1074.jpg,F
1075.jpg,E
1076.jpg,L
1077.jpg,E
1078.jpg,P
1079.jpg,E
108.jpg,D
1080.jpg,E
1081.jpg,E
1082.jpg,L
1083.jpg,E
1084.jpg,L
1085.jpg,L
1086.jpg,H
1087.jpg,M
1088.jpg,E
1089.jpg,E
109.jpg,L
1090.jpg,E
1091.jpg,E
1092.jpg,D
1093.jpg,C
1094.jpg,C
1095.jpg,J
1096.jpg,C
1097.jpg,L
1098.jpg,L
1099.jpg,E
11.jpg,S
110.jpg,E
1100.jpg,L
1101.jpg,C
1102.jpg,C
1103.jpg,K
1104.jpg,C
1105.jpg,L
1106.jpg,W
1107.jpg,O
1108.jpg,P
1109.jpg,H
111.jpg,E
1110.jpg,E
1111.jpg,L
1112.jpg,K
1113.jpg,E
1114.jpg,E
1115.jpg,K
1116.jpg,F
1117.jpg,K
1118.jpg,P
1119.jpg,C
112.jpg,L
1120.jpg,H
1121.jpg,D
1122.jpg,C
1123.jpg,J
1124.jpg,A
1125.jpg,L
1126.jpg,M
1127.jpg,E
1128.jpg,E
1129.jpg,E
113.jpg,F
1130.jpg,F
1131.jpg,E
1132.jpg,E
1133.jpg,D
1134.jpg,E
1135.jpg,G
1136.jpg,C
1137.jpg,F
1138.jpg,E
1139.jpg,C
114.jpg,F
1140.jpg,L
1141.jpg,L
1142.jpg,C
1143.jpg,E
1144.jpg,C
1145.jpg,E
1146.jpg,E
1147.jpg,E
1148.jpg,K
1149.jpg,E
115.jpg,C
116.jpg,I
117.jpg,nothing
118.jpg,E
119.jpg,B
12.jpg,E
120.jpg,E
121.jpg,A
122.jpg,E
123.jpg,E
124.jpg,F
125.jpg,B
126.jpg,E
127.jpg,E
128.jpg,E
129.jpg,D
13.jpg,F
130.jpg,P
131.jpg,C
132.jpg,E
133.jpg,L
134.jpg,C
135.jpg,E
136.jpg,E
137.jpg,C
138.jpg,L
139.jpg,K
14.jpg,E
140.jpg,E
141.jpg,L
142.jpg,E
143.jpg,O
144.jpg,E
145.jpg,C
146.jpg,E
147.jpg,C
148.jpg,F
149.jpg,C
15.jpg,E
150.jpg,P
151.jpg,T
152.jpg,A
153.jpg,Y
154.jpg,C
155.jpg,E
156.jpg,H
157.jpg,H
158.jpg,L
159.jpg,D
16.jpg,D
160.jpg,E
161.jpg,B
162.jpg,E
163.jpg,R
164.jpg,E
165.jpg,K
166.jpg,E
167.jpg,A
168.jpg,E
169.jpg,L
17.jpg,I
170.jpg,E
171.jpg,E
172.jpg,E
173.jpg,E
174.jpg,F
175.jpg,H
176.jpg,I
177.jpg,E
178.jpg,C
179.jpg,C
18.jpg,D
180.jpg,A
181.jpg,E
182.jpg,E
183.jpg,C
184.jpg,nothing
185.jpg,C
186.jpg,R
187.jpg,D
188.jpg,I
189.jpg,E
19.jpg,O
190.jpg,G
191.jpg,L
192.jpg,L
193.jpg,E
194.jpg,B
195.jpg,A
196.jpg,O
197.jpg,C
198.jpg,E
199.jpg,B
2.jpg,E
20.jpg,E
200.jpg,C
201.jpg,D
202.jpg,E
203.jpg,L
204.jpg,F
205.jpg,F
206.jpg,J
207.jpg,P
208.jpg,F
209.jpg,F
21.jpg,nothing
210.jpg,D
211.jpg,E
212.jpg,E
213.jpg,K
214.jpg,E
215.jpg,E
216.jpg,C
217.jpg,D
218.jpg,nothing
219.jpg,L
22.jpg,E
220.jpg,E
221.jpg,E
222.jpg,K
223.jpg,N
224.jpg,E
225.jpg,K
226.jpg,E
227.jpg,E
228.jpg,B
229.jpg,E
23.jpg,E
230.jpg,D
231.jpg,B
232.jpg,M
233.jpg,L
234.jpg,E
235.jpg,M
236.jpg,C
237.jpg,I
238.jpg,A
239.jpg,C
24.jpg,E
240.jpg,C
241.jpg,E
242.jpg,C
243.jpg,E
244.jpg,C
245.jpg,P
246.jpg,L
247.jpg,nothing
248.jpg,L
249.jpg,P
25.jpg,E
250.jpg,E
251.jpg,I
252.jpg,E
253.jpg,L
254.jpg,N
255.jpg,E
256.jpg,E
257.jpg,E
258.jpg,E
259.jpg,F
26.jpg,E
260.jpg,C
261.jpg,E
262.jpg,E
263.jpg,J
264.jpg,L
265.jpg,R
266.jpg,E
267.jpg,E
268.jpg,E
269.jpg,E
27.jpg,N
270.jpg,B
271.jpg,E
272.jpg,M
273.jpg,E
274.jpg,J
275.jpg,E
276.jpg,B
277.jpg,I
278.jpg,F
279.jpg,nothing
28.jpg,C
280.jpg,M
281.jpg,C
282.jpg,E
283.jpg,F
284.jpg,E
285.jpg,E
286.jpg,B
287.jpg,A
288.jpg,C
289.jpg,E
29.jpg,E
290.jpg,E
291.jpg,E
292.jpg,R
293.jpg,I
294.jpg,L
295.jpg,L
296.jpg,E
297.jpg,E
298.jpg,D
299.jpg,C
3.jpg,E
30.jpg,F
300.jpg,E
301.jpg,C
302.jpg,O
303.jpg,I
304.jpg,L
305.jpg,K
306.jpg,E
307.jpg,E
308.jpg,F
309.jpg,L
31.jpg,C
310.jpg,D
311.jpg,E
312.jpg,E
313.jpg,F
314.jpg,E
315.jpg,B
316.jpg,B
317.jpg,J
318.jpg,B
319.jpg,C
32.jpg,E
320.jpg,E
321.jpg,N
322.jpg,F
323.jpg,E
324.jpg,C
325.jpg,E
326.jpg,B
327.jpg,P
328.jpg,C
329.jpg,A
33.jpg,F
330.jpg,E
331.jpg,E
332.jpg,E
333.jpg,E
334.jpg,nothing
335.jpg,L
336.jpg,D
337.jpg,E
338.jpg,E
339.jpg,C
34.jpg,L
340.jpg,C
341.jpg,nothing
342.jpg,A
343.jpg,C
344.jpg,C
345.jpg,P
346.jpg,F
347.jpg,E
348.jpg,E
349.jpg,K
35.jpg,E
350.jpg,D
351.jpg,C
352.jpg,M
353.jpg,C
354.jpg,K
355.jpg,P
356.jpg,K
357.jpg,C
358.jpg,E
359.jpg,C
36.jpg,E
360.jpg,E
361.jpg,R
362.jpg,E
363.jpg,E
364.jpg,P
365.jpg,K
366.jpg,O
367.jpg,C
368.jpg,C
369.jpg,C
37.jpg,E
370.jpg,E
371.jpg,B
372.jpg,D
373.jpg,P
374.jpg,O
375.jpg,E
376.jpg,C
377.jpg,K
378.jpg,nothing
379.jpg,E
38.jpg,E
380.jpg,L
381.jpg,C
382.jpg,E
383.jpg,E
384.jpg,C
385.jpg,G
386.jpg,M
387.jpg,C
388.jpg,nothing
389.jpg,E
39.jpg,L
390.jpg,C
391.jpg,E
392.jpg,E
393.jpg,E
394.jpg,A
395.jpg,L
396.jpg,A
397.jpg,L
398.jpg,B
399.jpg,K
4.jpg,O
40.jpg,E
400.jpg,L
401.jpg,D
402.jpg,B
403.jpg,F
404.jpg,D
405.jpg,E
406.jpg,C
407.jpg,C
408.jpg,E
409.jpg,E
41.jpg,L
410.jpg,C
411.jpg,I
412.jpg,F
413.jpg,E
414.jpg,F
415.jpg,E
416.jpg,D
417.jpg,K
418.jpg,C
419.jpg,E
42.jpg,L
420.jpg,E
421.jpg,H
422.jpg,P
423.jpg,E
424.jpg,E
425.jpg,nothing
426.jpg,I
427.jpg,O
428.jpg,E
429.jpg,J
43.jpg,H
430.jpg,H
431.jpg,L
432.jpg,M
433.jpg,I
434.jpg,C
435.jpg,E
436.jpg,F
437.jpg,M
438.jpg,O
439.jpg,E
44.jpg,E
440.jpg,D
441.jpg,C
442.jpg,E
443.jpg,P
444.jpg,E
445.jpg,E
446.jpg,E
447.jpg,D
448.jpg,E
449.jpg,nothing
45.jpg,I
450.jpg,E
451.jpg,A
452.jpg,D
453.jpg,P
454.jpg,O
455.jpg,A
456.jpg,E
457.jpg,E
458.jpg,D
459.jpg,E
46.jpg,E
460.jpg,L
461.jpg,L
462.jpg,L
463.jpg,P
464.jpg,L
465.jpg,L
466.jpg,D
467.jpg,E
468.jpg,E
469.jpg,C
47.jpg,E
470.jpg,K
471.jpg,S
472.jpg,C
473.jpg,E
474.jpg,A
475.jpg,C
476.jpg,E
477.jpg,D
478.jpg,O
479.jpg,E
48.jpg,L
480.jpg,I
481.jpg,E
482.jpg,E
483.jpg,F
484.jpg,A
485.jpg,W
486.jpg,E
487.jpg,E
488.jpg,E
489.jpg,K
49.jpg,F
490.jpg,F
491.jpg,J
492.jpg,C
493.jpg,E
494.jpg,E
495.jpg,nothing
496.jpg,B
497.jpg,C
498.jpg,D
499.jpg,C
5.jpg,E
50.jpg,E
500.jpg,M
501.jpg,C
502.jpg,C
503.jpg,E
504.jpg,C
505.jpg,E
506.jpg,B
507.jpg,C
508.jpg,E
509.jpg,E
51.jpg,C
510.jpg,E
511.jpg,M
512.jpg,E
513.jpg,E
514.jpg,C
515.jpg,E
516.jpg,E
517.jpg,E
518.jpg,E
519.jpg,E
52.jpg,E
520.jpg,J
521.jpg,C
522.jpg,F
523.jpg,L
524.jpg,L
525.jpg,nothing
526.jpg,L
527.jpg,L
528.jpg,E
529.jpg,C
53.jpg,K
530.jpg,R
531.jpg,E
532.jpg,E
533.jpg,E
534.jpg,E
535.jpg,C
536.jpg,D
537.jpg,B
538.jpg,E
539.jpg,P
54.jpg,C
540.jpg,nothing
541.jpg,Z
542.jpg,E
543.jpg,G
544.jpg,D
545.jpg,E
546.jpg,M
547.jpg,I
548.jpg,M
549.jpg,J
55.jpg,E
550.jpg,K
551.jpg,C
552.jpg,O
553.jpg,O
554.jpg,L
555.jpg,A
556.jpg,F
557.jpg,nothing
558.jpg,L
559.jpg,L
56.jpg,A
560.jpg,K
561.jpg,C
562.jpg,F
563.jpg,E
564.jpg,J
565.jpg,C
566.jpg,nothing
567.jpg,E
568.jpg,I
569.jpg,F
57.jpg,E
570.jpg,E
571.jpg,L
572.jpg,O
573.jpg,E
574.jpg,R
575.jpg,F
576.jpg,O
577.jpg,F
578.jpg,E
579.jpg,K
58.jpg,E
580.jpg,E
581.jpg,E
582.jpg,L
583.jpg,F
584.jpg,W
585.jpg,C
586.jpg,E
587.jpg,M
588.jpg,F
589.jpg,P
59.jpg,G
590.jpg,E
591.jpg,D
592.jpg,D
593.jpg,E
594.jpg,F
595.jpg,C
596.jpg,E
597.jpg,E
598.jpg,E
599.jpg,K
6.jpg,E
60.jpg,M
600.jpg,E
601.jpg,B
602.jpg,E
603.jpg,E
604.jpg,C
605.jpg,A
606.jpg,C
607.jpg,E
608.jpg,nothing
609.jpg,M
61.jpg,C
610.jpg,I
611.jpg,M
612.jpg,D
613.jpg,C
614.jpg,S
615.jpg,N
616.jpg,C
617.jpg,D
618.jpg,C
619.jpg,L
62.jpg,E
620.jpg,E
621.jpg,C
622.jpg,E
623.jpg,J
624.jpg,A
625.jpg,C
626.jpg,C
627.jpg,E
628.jpg,D
629.jpg,C
63.jpg,P
630.jpg,N
631.jpg,B
632.jpg,E
633.jpg,E
634.jpg,N
635.jpg,O
636.jpg,E
637.jpg,nothing
638.jpg,E
639.jpg,C
64.jpg,A
640.jpg,C
641.jpg,L
642.jpg,E
643.jpg,E
644.jpg,E
645.jpg,K
646.jpg,E
647.jpg,K
648.jpg,E
649.jpg,F
65.jpg,O
650.jpg,E
651.jpg,E
652.jpg,E
653.jpg,D
654.jpg,L
655.jpg,E
656.jpg,F
657.jpg,E
658.jpg,E
659.jpg,F
66.jpg,E
660.jpg,L
661.jpg,H
662.jpg,C
663.jpg,C
664.jpg,D
665.jpg,nothing
666.jpg,H
667.jpg,F
668.jpg,E
669.jpg,E
67.jpg,E
670.jpg,C
671.jpg,L
672.jpg,E
673.jpg,L
674.jpg,B
675.jpg,K
676.jpg,C
677.jpg,H
678.jpg,nothing
679.jpg,E
68.jpg,P
680.jpg,C
681.jpg,E
682.jpg,E
683.jpg,C
684.jpg,E
685.jpg,B
686.jpg,P
687.jpg,E
688.jpg,E
689.jpg,D
69.jpg,E
690.jpg,C
691.jpg,O
692.jpg,N
693.jpg,F
694.jpg,O
695.jpg,C
696.jpg,O
697.jpg,J
698.jpg,C
699.jpg,E
7.jpg,C
70.jpg,K
700.jpg,C
701.jpg,M
702.jpg,L
703.jpg,M
704.jpg,E
705.jpg,N
706.jpg,G
707.jpg,C
708.jpg,E
709.jpg,O
71.jpg,L
710.jpg,E
711.jpg,L
712.jpg,E
713.jpg,I
714.jpg,E
715.jpg,E
716.jpg,F
717.jpg,N
718.jpg,E
719.jpg,E
72.jpg,E
720.jpg,E
721.jpg,K
722.jpg,T
723.jpg,J
724.jpg,P
725.jpg,B
726.jpg,L
727.jpg,E
728.jpg,I
729.jpg,B
73.jpg,E
730.jpg,E
731.jpg,C
732.jpg,M
733.jpg,E
734.jpg,E
735.jpg,L
736.jpg,E
737.jpg,R
738.jpg,J
739.jpg,E
74.jpg,K
740.jpg,E
741.jpg,L
742.jpg,B
743.jpg,E
744.jpg,F
745.jpg,E
746.jpg,O
747.jpg,B
748.jpg,B
749.jpg,A
75.jpg,O
750.jpg,L
751.jpg,E
752.jpg,E
753.jpg,E
754.jpg,A
755.jpg,C
756.jpg,C
757.jpg,P
758.jpg,C
759.jpg,M
76.jpg,H
760.jpg,E
761.jpg,E
762.jpg,C
763.jpg,C
764.jpg,nothing
765.jpg,M
766.jpg,E
767.jpg,C
768.jpg,H
769.jpg,O
77.jpg,A
770.jpg,E
771.jpg,F
772.jpg,A
773.jpg,F
774.jpg,C
775.jpg,C
776.jpg,E
777.jpg,E
778.jpg,H
779.jpg,B
78.jpg,E
780.jpg,E
781.jpg,E
782.jpg,E
783.jpg,G
784.jpg,E
785.jpg,F
786.jpg,A
787.jpg,L
788.jpg,A
789.jpg,E
79.jpg,H
790.jpg,F
791.jpg,E
792.jpg,C
793.jpg,E
794.jpg,E
795.jpg,A
796.jpg,C
797.jpg,C
798.jpg,E
799.jpg,D
8.jpg,E
80.jpg,M
800.jpg,L
801.jpg,X
802.jpg,D
803.jpg,E
804.jpg,D
805.jpg,O
806.jpg,L
807.jpg,L
808.jpg,C
809.jpg,nothing
81.jpg,A
810.jpg,W
811.jpg,M
812.jpg,E
813.jpg,G
814.jpg,nothing
815.jpg,D
816.jpg,C
817.jpg,E
818.jpg,O
819.jpg,W
82.jpg,O
820.jpg,C
821.jpg,M
822.jpg,H
823.jpg,P
824.jpg,D
825.jpg,M
826.jpg,E
827.jpg,C
828.jpg,D
829.jpg,A
83.jpg,L
830.jpg,J
831.jpg,I
832.jpg,K
833.jpg,B
834.jpg,E
835.jpg,M
836.jpg,C
837.jpg,P
838.jpg,E
839.jpg,E
84.jpg,E
840.jpg,C
841.jpg,R
842.jpg,M
843.jpg,E
844.jpg,C
845.jpg,P
846.jpg,E
847.jpg,nothing
848.jpg,F
849.jpg,E
85.jpg,A
850.jpg,E
851.jpg,E
852.jpg,L
853.jpg,J
854.jpg,A
855.jpg,B
856.jpg,C
857.jpg,L
858.jpg,C
859.jpg,E
86.jpg,L
860.jpg,M
861.jpg,E
862.jpg,E
863.jpg,E
864.jpg,B
865.jpg,E
866.jpg,E
867.jpg,E
868.jpg,F
869.jpg,T
87.jpg,E
870.jpg,O
871.jpg,B
872.jpg,B
873.jpg,nothing
874.jpg,E
875.jpg,M
876.jpg,C
877.jpg,E
878.jpg,J
879.jpg,D
88.jpg,F
880.jpg,N
881.jpg,D
882.jpg,H
883.jpg,E
884.jpg,E
885.jpg,E
886.jpg,E
887.jpg,B
888.jpg,F
889.jpg,E
89.jpg,C
890.jpg,E
891.jpg,L
892.jpg,D
893.jpg,C
894.jpg,E
895.jpg,B
896.jpg,E
897.jpg,D
898.jpg,O
899.jpg,H
9.jpg,F
90.jpg,E
900.jpg,E
901.jpg,E
902.jpg,E
903.jpg,L
904.jpg,A
905.jpg,E
906.jpg,E
907.jpg,E
908.jpg,B
909.jpg,O
91.jpg,C
910.jpg,L
911.jpg,D
912.jpg,R
913.jpg,E
914.jpg,L
915.jpg,C
916.jpg,B
917.jpg,E
918.jpg,E
919.jpg,E
92.jpg,O
920.jpg,C
921.jpg,C
922.jpg,P
923.jpg,P
924.jpg,E
925.jpg,C
926.jpg,L
927.jpg,A
928.jpg,F
929.jpg,E
93.jpg,C
930.jpg,D
931.jpg,B
932.jpg,S
933.jpg,L
934.jpg,W
935.jpg,A
936.jpg,W
937.jpg,C
938.jpg,E
939.jpg,E
94.jpg,A
940.jpg,C
941.jpg,B
942.jpg,E
943.jpg,nothing
944.jpg,E
945.jpg,C
946.jpg,E
947.jpg,D
948.jpg,O
949.jpg,K
95.jpg,O
950.jpg,D
951.jpg,E
952.jpg,I
953.jpg,A
954.jpg,G
955.jpg,C
956.jpg,K
957.jpg,O
958.jpg,E
959.jpg,L
96.jpg,L
960.jpg,E
961.jpg,K
962.jpg,A
963.jpg,G
964.jpg,E
965.jpg,E
966.jpg,E
967.jpg,F
968.jpg,E
969.jpg,F
97.jpg,E
970.jpg,D
971.jpg,P
972.jpg,E
973.jpg,E
974.jpg,E
975.jpg,C
976.jpg,E
977.jpg,P
978.jpg,F
979.jpg,C
98.jpg,E
980.jpg,L
981.jpg,E
982.jpg,C
983.jpg,D
984.jpg,nothing
985.jpg,E
986.jpg,C
987.jpg,E
988.jpg,P
989.jpg,C
99.jpg,L
990.jpg,E
991.jpg,space
992.jpg,L
993.jpg,E
994.jpg,E
995.jpg,E
996.jpg,J
997.jpg,E
998.jpg,E
999.jpg,E
